{"has_child":1,"home_url":"http:\/\/www.mrezadkc.hr","child_file":{"www.mrezadkc.hr_wpvivid-60bdd64008005_2021-06-07-10-18_backup_plugin.zip":{"file_type":"plugin","plugin":{"acf-better-search":{"slug":"acf-better-search","size":454765},"navz-photo-gallery":{"slug":"navz-photo-gallery","size":163571},"advanced-custom-fields":{"slug":"advanced-custom-fields","size":7436136},"custom-post-type-auto-menu":{"slug":"custom-post-type-auto-menu","size":102555},"ewww-image-optimizer":{"slug":"ewww-image-optimizer","size":17107033},"hide-admin-menu":{"slug":"hide-admin-menu","size":21830},"hummingbird-performance":{"slug":"hummingbird-performance","size":12013826},"koko-analytics":{"slug":"koko-analytics","size":2387912},"search-exclude":{"slug":"search-exclude","size":20155},"svg-support":{"slug":"svg-support","size":216705},"under-construction-page":{"slug":"under-construction-page","size":8000892},"wordfence":{"slug":"wordfence","size":13237871},"wordpress-seo":{"slug":"wordpress-seo","size":12586956}},"root_flag":"wp-content","file":"www.mrezadkc.hr_wpvivid-60bdd64008005_2021-06-07-10-18_backup_plugin.zip","php_version":"5.6.40","mysql_version":"10.3.29"},"www.mrezadkc.hr_wpvivid-60bdd64008005_2021-06-07-10-18_backup_core.zip":{"include_path":["wp-includes","wp-admin"],"wp_core":1,"home_url":"http:\/\/www.mrezadkc.hr","file_type":"wp-core","root_flag":"root","file":"www.mrezadkc.hr_wpvivid-60bdd64008005_2021-06-07-10-18_backup_core.zip","php_version":"5.6.40","mysql_version":"10.3.29"},"www.mrezadkc.hr_wpvivid-60bdd64008005_2021-06-07-10-18_backup_uploads.zip":{"file_type":"upload","root_flag":"wp-content","file":"www.mrezadkc.hr_wpvivid-60bdd64008005_2021-06-07-10-18_backup_uploads.zip","php_version":"5.6.40","mysql_version":"10.3.29"},"www.mrezadkc.hr_wpvivid-60bdd64008005_2021-06-07-10-18_backup_content.zip":{"file_type":"wp-content","root_flag":"root","file":"www.mrezadkc.hr_wpvivid-60bdd64008005_2021-06-07-10-18_backup_content.zip","php_version":"5.6.40","mysql_version":"10.3.29"},"www.mrezadkc.hr_wpvivid-60bdd64008005_2021-06-07-10-18_backup_themes.zip":{"file_type":"themes","themes":{"dkctheme":{"slug":"dkctheme","size":5360368}},"root_flag":"wp-content","file":"www.mrezadkc.hr_wpvivid-60bdd64008005_2021-06-07-10-18_backup_themes.zip","php_version":"5.6.40","mysql_version":"10.3.29"},"www.mrezadkc.hr_wpvivid-60bdd64008005_2021-06-07-10-18_backup_db.zip":{"dump_db":1,"home_url":"http:\/\/www.mrezadkc.hr","file_type":"databases","root_flag":"custom","file":"www.mrezadkc.hr_wpvivid-60bdd64008005_2021-06-07-10-18_backup_db.zip","php_version":"5.6.40","mysql_version":"10.3.29"}},"root_flag":"custom","file":"www.mrezadkc.hr_wpvivid-60bdd64008005_2021-06-07-10-18_backup_all.zip","php_version":"5.6.40","mysql_version":"10.3.29"}